{
  "model_name": "svm",
  "model_version": "1.0.0",
  "training_timestamp": "20260306_182109",
  "model_file": "svm_20260306_182109.pkl",
  "metrics": {
    "accuracy": 0.7971014492753623,
    "precision": 0.8076923076923077,
    "recall": 0.8289473684210527,
    "f1_score": 0.8181818181818182,
    "roc_auc": 0.8450764006791172,
    "optimal_threshold": 0.5685545910114921
  },
  "optimal_threshold": 0.5685545910114921,
  "feature_importance": {},
  "training_config": {
    "random_state": 42,
    "cv_folds": 5
  }
}