{
  "model_name": "xgboost",
  "model_version": "1.0.0",
  "training_timestamp": "20260306_160637",
  "model_file": "xgboost_20260306_160637.pkl",
  "metrics": {
    "accuracy": 0.9056603773584906,
    "precision": 0.9534883720930233,
    "recall": 0.8367346938775511,
    "f1_score": 0.8913043478260869,
    "roc_auc": 0.9842463301109918
  },
  "feature_importance": {
    "exang": 0.3411329686641693,
    "multiple_risk_factors": 0.06923282146453857,
    "cp": 0.06626271456480026,
    "oldpeak": 0.06611879169940948,
    "fbs": 0.06318314373493195,
    "slope": 0.06251770257949829,
    "sex": 0.05873815715312958,
    "ca": 0.04918705299496651,
    "age": 0.04653691127896309,
    "thalach": 0.037834953516721725,
    "trestbps": 0.029286159202456474,
    "chol": 0.02395595796406269,
    "bp_chol_ratio": 0.022314896807074547,
    "hr_reserve": 0.021847927942872047,
    "restecg": 0.021051758900284767,
    "age_group": 0.020798055455088615,
    "thal": 0.0
  },
  "training_config": {
    "random_state": 42,
    "cv_folds": 5
  }
}