{
  "model_name": "xgboost",
  "model_version": "1.0.0",
  "training_timestamp": "20260304_214636",
  "model_file": "xgboost_20260304_214636.pkl",
  "metrics": {
    "accuracy": 0.8604651162790697,
    "precision": 0.8421052631578947,
    "recall": 0.8421052631578947,
    "f1_score": 0.8421052631578947,
    "roc_auc": 0.956140350877193
  },
  "feature_importance": {
    "feature_8": 0.1627839356660843,
    "feature_11": 0.13583561778068542,
    "feature_9": 0.08654163777828217,
    "feature_16": 0.07452921569347382,
    "feature_10": 0.06239517405629158,
    "feature_1": 0.06214355677366257,
    "feature_2": 0.05954674258828163,
    "feature_15": 0.0562252476811409,
    "feature_13": 0.047504354268312454,
    "feature_7": 0.047219645231962204,
    "feature_0": 0.04385681450366974,
    "feature_3": 0.040558863431215286,
    "feature_6": 0.038648609071969986,
    "feature_4": 0.036408476531505585,
    "feature_14": 0.028088215738534927,
    "feature_5": 0.017713820561766624,
    "feature_12": 0.0
  },
  "training_config": {
    "random_state": 42,
    "cv_folds": 5
  }
}